{
  "runtimeOptions": {
    "tfm": "net9.0",
    "includedFrameworks": [
      {
        "name": "Microsoft.NETCore.App",
        "version": "9.0.2"
      }
    ],
    "configProperties": {
      "System.Reflection.Metadata.MetadataUpdater.IsSupported": false,
      "System.Runtime.Serialization.EnableUnsafeBinaryFormatterSerialization": false,
      "System.Runtime.Loader.UseRidGraph": true,
      "CSWINRT_USE_WINDOWS_UI_XAML_PROJECTIONS": false,
      "Microsoft.Maui.RuntimeFeature.IsIVisualAssemblyScanningEnabled": false,
      "Microsoft.Maui.RuntimeFeature.AreBindingInterceptorsSupported": true
    }
  }
}